Project Name,False Positives
0x8a0cac13c7da965a312f08ea4229c37869e85cb9_avax,3
0x46d0ce7de6247b0a95f67b43b589b4041bae7fbe_arbi,0
0xabc9547b534519ff73921b1fba6e672b5f58d083_avax,0
0x1bfd67037b42cf73acf2047067bd4f2c47d9bfd6_poly,0
0x53e0bca35ec356bd5dddfebbd1fc0fd03fabad39_poly,0
0x6626c47c00f1d87902fc13eecfac3ed06d5e8d8a_fantom,0
0xae7ab96520de3a18e5e111b5eaab095312d7fe84_eth,0
0x23d29d30e35c5e8d321e1dc9a8a61bfd846d4c5c_poly,0
0x46e7628e8b4350b2716ab470ee0ba1fa9e76c6c5_fantom,2
0x4ddc2d193948926d02f9b1fe9e1daa0718270ed5_eth,0
0x88128fd4b259552a9a1d457f435a6527aab72d42_avax,0
0x52ce071bd9b1c4b00a0b92d298c512478cad67e8_bsc,0
0x4184aa04215e5d716dd4c213fed519acadc68f92_eth,0
0x50327c6c5a14dcade707abad2e27eb517df87ab5_eth,2
0x4fabb145d64652a948d72533023f6e7a623c7c53_eth,0
0xcc42724c6683b7e57334c4e856f4c9965ed682bd_bsc,0
0xfcf8eda095e37a41e002e266daad7efc1579bc0a_eth,0
0x5f0da599bb2cccfcf6fdfd7d81743b6020864350_bsc,0
0x14016e85a25aeb13065688cafb43044c2ef86784_bsc,0
0x50b7545627a5162f82a992c33b87adc75187b218_avax,0
0x5283d291dbcf85356a21ba090e6db59121208b44_eth,1
0xb0c7a3ba49c7a6eaba6cd4a96c55a1391070ac9a_eth,0
0x6f259637dcd74c767781e37bc6133cd6a68aa161_eth,2
0x2b591e99afe9f32eaa6214f7b7629768c40eeb39_eth,0
0x1fa4a73a3f0133f0025378af00236f3abdee5d63_bsc,0
0x8ebaf22b6f053dffeaf46f4dd9efa95d89ba8580_avax,3
0xdab529f40e671a1d4bf91361c21bf9f0c9712ab7_poly,0
0x0bc529c00c6401aef6d220be8c6ea1667f6ad93e_eth,2
0xc2132d05d31c914a87c6611c10748aeb04b58e8f_poly,0
0x2ed9a5c8c13b93955103b9a7c167b67ef4d568a3_bsc,0
0xbec243c995409e6520d7c41e404da5deba4b209b_avax,3
0xc3c7d422809852031b44ab29eec9f1eff2a58756_poly,0
0x2e1ad108ff1d8c782fcbbb89aad783ac49586756_poly,0
0x0d8775f648430679a709e98d2b0cb6250d2887ef_eth,3
0x19de6b897ed14a376dda0fe53a5420d2ac828a28_eth,2
0x6f7c932e7684666c9fd1d44527765433e01ff61d_poly,0
0xe3c408bd53c31c085a1746af401a4042954ff740_eth,0
0x3ee2200efb3400fabb9aacf31297cbdd1d435d47_bsc,0
0x2e9a6df78e42a30712c10a9dc4b1c8656f8f2879_arbi,0
0xdac17f958d2ee523a2206206994597c13d831ec7_eth,4
0x9678e42cebeb63f23197d726b29b1cb20d0064e5_bsc,0
0xd533a949740bb3306d119cc777fa900ba034cd52_eth,0
0xbbbbca6a901c926f240b89eacb641d8aec7aeafd_eth,3
0xd586e7f844cea2f87f50152665bcbc2c279d8d70_avax,0
0xb50721bcf8d664c30412cfbc6cf7a15145234ad1_eth,0
0x9702230a8ea53601f5cd2dc00fdbc13d4df4a8c7_avax,0
0x514910771af9ca656af840dff83e8264ecf986ca_eth,0
0x0eb3a705fc54725037cc9e008bdede697f62f335_bsc,0
0xe83ce6bfb580583bd6a62b4be7b34fc25f02910d_eth,2
0xfd086bc7cd5c481dcc9c85ebe478a1c0b69fcbb9_arbi,0
0x68749665ff8d2d112fa859aa293f07a622782f38_eth,0
0xc18360217d8f7ab5e7c516566761ea12ce7f9d72_eth,0
0xc0a1adce1c62daedf1b5f07b31266090bc5cc6d2_poly,2
0x986854779804799c1d68867f5e03e601e781e41b_bsc,0
0x418d75f65a02b3d53b2418fb8e1fe493759c7605_eth,0
0xbd31ea8212119f94a611fa969881cba3ea06fa3d_eth,0
0x90bbddbf3223363898065b9c736e2b86c655762b_bsc,2
0xad6caeb32cd2c308980a548bd0bc5aa4306c6c18_bsc,0
0x049d68029688eabf473097a2fc38ef61633a3c7a_fantom,0
0x04068da6c83afcfa0e13ba15a6696662335d5b75_fantom,2
0x1af3f329e8be154074d8769d1ffa4ee058b1dbc3_bsc,0
0x25d887ce7a35172c62febfd67a1856f20faebb00_bsc,1
0xce7de646e7208a4ef112cb6ed5038fa6cc6b12e3_bsc,2
0x7d016eec9c25232b01f23ef992d98ca97fc2af5a_fantom,3
0xed04915c23f00a313a544955524eb7dbd823143d_eth,2
0x26fb86579e371c7aedc461b2ddef0a8628c93d3b_eth,2
0x7130d2a12b9bcbfae4f2634d864a1ee1ce3ead9c_bsc,0
0x101a023270368c0d50bffb62780f4afd4ea79c35_poly,0
0x70928e5b188def72817b7775f0bf6325968e563b_avax,0
0x8ce9137d39326ad0cd6491fb5cc0cba0e089b6a9_eth,3
0xe28b3b32b6c345a34ff64674606124dd5aceca30_eth,2
0x1f9840a85d5af5bf1d1762f925bdaddc4201f984_eth,4
0x361c60b7c2828fcab80988d00d1d542c83387b50_bsc,0
0x8d983cb9388eac77af0474fa441c4815500cb7bb_eth,2
0x4691937a7508860f876c9c0a2a617e7d9e945d4b_bsc,2
0xb86abcb37c3a4b64f74f59301aff131a1becc787_bsc,0
0x5b7533812759b45c2b44c19e320ba2cd2681b542_eth,2
0xb8c77482e45f1f44de1745f52c74426c631bdd52_eth,2
0xbbba073c31bf03b8acf7c28ef0738decf3695683_poly,0
0x90c97f71e18723b0cf0dfa30ee176ab653e89f40_bsc,3
0x1cf4592ebffd730c7dc92c1bdffdfc3b9efcf29a_eth,2
0xc7283b66eb1eb5fb86327f08e1b5816b0720212b_eth,4
0x111111111117dc0aa78b770fa6a738034120c302_eth,2
0xac57de9c1a09fec648e93eb98875b212db0d460b_eth,4
0x0c356b7fd36a5357e5a017ef11887ba100c9ab76_eth,2
0xff970a61a04b1ca14834a43f5de4533ebddb5cc8_arbi,0
0x11cdb42b0eb46d95f990bedd4695a6e3fa034978_arbi,0
0x8e870d67f660d95d5be530380d0ec0bd388289e1_eth,0
0x05d3606d5c81eb9b7b18530995ec9b29da05faba_eth,2
0xe66747a101bff2dba3697199dcce5b743b454759_eth,2
0x93b346b6bc2548da6a1e7d98e9a421b42541425b_arbi,0
0x9c2c5fd7b07e95ee044ddeba0e97a665f142394f_poly,0
0x2af5d2ad76741191d15dfe7bf6ac92d4bd912ca3_eth,3
0x88f1a5ae2a3bf98aeaf342d26b30a79438c9142e_bsc,0
0x4691937a7508860f876c9c0a2a617e7d9e945d4b_eth,2
0x5a98fcbea516cf06857215779fd812ca3bef1b32_eth,3
0x2260fac5e5542a773aa44fbcfedf7c193bc2c599_eth,2
0x1e4f97b9f9f913c46f1632781732927b9019c68b_fantom,2
0xe9e7cea3dedca5984780bafc599bd69add087d56_bsc,0
0xecdcb5b88f8e3c15f95c720c51c71c9e2080525d_poly,0
0x47bead2563dcbf3bf2c9407fea4dc236faba485a_bsc,3
0xac51c4c48dc3116487ed4bc16542e27b5694da1b_poly,0
0x031b41e504677879370e9dbcf937283a8691fa7f_bsc,2
0x9879abdea01a879644185341f7af7d8343556b7a_fantom,0
0x6c6ee5e31d828de241282b9606c8e98ea48526e2_eth,2
0xe48a3d7d0bc88d552f730b62c006bc925eadb9ee_bsc,3
0x352cb5e19b12fc216548a2677bd0fce83bae434b_bsc,2
0x1851ccd370c444ff494d7505e6103959bce9f9d9_bsc,0
0x76a797a59ba2c17726896976b7b3747bfd1d220f_bsc,0
0xa0b86991c6218b36c1d19d4a2e9eb0ce3606eb48_eth,0
0x9c9e5fd8bbc25984b178fdce6117defa39d2db39_avax,0
0x882c173bc7ff3b7786ca16dfed3dfffb9ee7847b_bsc,0
0x20cf1b6e9d856321ed4686877cf4538f2c84b4de_avax,0
0xa117000000f279d81a1d3cc75430faa017fa5a2e_eth,2
0x680447595e8b7b3aa1b43beb9f6098c79ac2ab3f_arbi,0
0xb766039cc6db368759c1e56b79affe831d0cc507_arbi,0
0x7fc66500c84a76ad7e9c93437bfc5ac33e2ddae9_eth,2
0x7d1afa7b718fb893db30a3abc0cfc608aacfebb0_eth,2
0x0b3f868e0be5597d5db7feb59e1cadbb0fdda50a_poly,0
0xd6df932a45c0f255f85145f286ea0b292b21c90b_poly,0
0x2f2a2543b76a4166549f7aab2e75bef0aefc5b0f_arbi,0
0x156ab3346823b651294766e23e6cf87254d68962_bsc,0
0x17fc002b466eec40dae837fc4be5c67993ddbd6f_arbi,3
0xb33eaad8d922b1083446dc23f610c2567fb5180f_poly,0
0xe83ce6bfb580583bd6a62b4be7b34fc25f02910d_poly,2
0x92d6c1e31e14520e676a687f0a93788b716beff5_eth,0
0x0d8ce2a99bb6e3b7db580ed848240e4a0f9ae153_bsc,0
0x214db107654ff987ad859f34125307783fc8e387_avax,3
0xf8a0bf9cf54bb92f17374d9e9a321e6a111a51bd_bsc,0
0x25d887ce7a35172c62febfd67a1856f20faebb00_arbi,1
0xd33526068d116ce69f19a9ee46f0bd304f21a51f_eth,3
0x1a3acf6d19267e2d3e7f898f42803e90c9219062_poly,3
0xb3654dc3d10ea7645f8319668e8f54d2574fbdc8_fantom,2
0x29b0da86e484e1c0029b56e817912d778ac0ec69_fantom,2
0xfc5a1a6eb076a2c7ad06ed22c90d7e710e35ad0a_arbi,2
0xc011a73ee8576fb46f5e1c5751ca3b9fe0af2a6f_eth,0
0x62edc0692bd897d2295872a9ffcac5425011c661_avax,2
0x947950bcc74888a40ffa2593c5798f11fc9124c4_bsc,0
0x853d955acef822db058eb8505911ed77f175b99e_eth,7
0x8c7a56f2f2fd97da0f5b4fade180fa8dc3fbea8d_poly,0
0x040d1edc9569d4bab2d15287dc5a4f10f56a56b8_arbi,0
0xba11d00c5f74255f56a5e366f4f77f5a186d7f55_eth,2
0xcafcd85d8ca7ad1e1c6f82f651fa15e33aefd07b_arbi,0
0x9d2f299715d94d8a7e6f5eaa8e654e8c74a988a7_arbi,3
0x7083609fce4d1d8dc0c979aab8c869ea2c873402_bsc,0
0x2b9e7ccdf0f4e5b24757c1e1a80e311e34cb10c7_poly,0
0x3432b6a60d23ca0dfca7761b7ab56459d9c964d0_eth,7
0x4a220e6096b25eadb88358cb44068a3248254675_eth,0
0xbb0e17ef65f82ab018d8edd776e8dd940327b28b_eth,1
0xdc301622e621166bd8e82f2ca0a26c13ad0be355_fantom,3
0x539bde0d7dbd336b79148aa742883198bbf60342_arbi,0
0xb97ef9ef8734c71904d8002f8b6bc66dd9c48a6e_avax,0
0xf629cbd94d3791c9250152bd8dfbdf380e2a3b9c_eth,3
0x0c10bf8fcb7bf5412187a595ab97a3609160b5c6_eth,0
0x0ef39e52704ad52e2882bbfa6781167e1b6c4510_poly,0
0x5f98805a4e8be255a32880fdec7f6728c6568ba0_eth,2
0x9a71012b13ca4d3d0cdc72a177df3ef03b0e76a3_poly,0
0x23a941036ae778ac51ab04cea08ed6e2fe103614_arbi,0
0x63a72806098bd3d9520cc43356dd78afe5d386d9_avax,3
0x15d4c048f83bd7e37d49ea4c83a07267ec4203da_eth,2
0xa3f020a5c92e15be13caf0ee5c95cf79585eecc9_bsc,0
0xbb4cdb9cbd36b01bd1cbaebf2de08d9173bc095c_bsc,1
0x1a4b46696b2bb4794eb3d4c26f1c55f9170fa4c5_eth,3
0x23001f892c0c82b79303edc9b9033cd190bb21c7_poly,0
0x0000000000000000000000000000000000001010_poly,1
0xaea46a60368a7bd060eec7df8cba43b7ef41ad85_eth,2
0xcf0c122c6b73ff809c693db761e7baebe62b6a2e_eth,1
0x9813037ee2218799597d83d4a5b6f3b6778218d9_eth,2
0x3506424f91fd33084466f402d5d97f05f8e3b4af_eth,2
0x41b3966b4ff7b427969ddf5da3627d6aeae9a48e_poly,0
0xe83ce6bfb580583bd6a62b4be7b34fc25f02910d_fantom,2
0x408d4cd0adb7cebd1f1a1c33a0ba2098e1295bab_avax,0
0xcb46c550539ac3db72dc7af7c89b11c306c727c2_eth,2
0x6a07a792ab2965c72a5b8088d3a069a7ac3a993b_fantom,2
0x4338665cbb7b2485a8855a139b75d5e34ab0db94_bsc,0
0x0615dbba33fe61a31c7ed131bda6655ed76748b1_fantom,0
0x767fe9edc9e0df98e07454847909b5e959d7ca0e_eth,0
0x56ee926bd8c72b2d5fa1af4d9e4cbb515a1e3adc_fantom,2
0x056fd409e1d7a124bd7017459dfea2f387b6d5cd_eth,0
0x4385328cc4d643ca98dfea734360c0f596c83449_eth,0
0xd501281565bf7789224523144fe5d98e8b28f267_avax,3
0xfb6115445bff7b52feb98650c87f44907e58f802_bsc,0
0xbf5140a22578168fd562dccf235e5d43a02ce9b1_bsc,0
0x75231f58b43240c9718dd58b4967c5114342a86c_eth,1
0x6810e776880c02933d47db1b9fc05908e5386b96_eth,2
0x0316eb71485b0ab14103307bf65a021042c6d380_eth,3
0x152649ea73beab28c5b49b26eb48f7ead6d4c898_eth,1
0x16939ef78684453bfdfb47825f8a5f714f12623a_bsc,0
0x11eef04c884e24d9b7b4760e7476d06ddf797f36_eth,2
0xf57e7e7c23978c3caec3c3548e3d615c346e79ff_eth,2
0x9d65ff81a3c488d585bbfb0bfe3c7707c7917f54_eth,0
0xba2ae424d960c26247dd6c32edc70b295c744c43_bsc,0
0x2170ed0880ac9a755fd29b2688956bd959f933f8_bsc,0
0x967da4048cd07ab37855c090aaf366e4ce1b9f48_eth,3
0xc944e90c64b2c07662a292be6244bdf05cda44a7_eth,2
0x37b608519f91f70f2eeb0e5ed9af4061722e4f76_avax,0
0x7dd9c5cba05e151c895fde1cf355c9a1d5da6429_eth,2
0x61299774020da444af134c82fa83e3810b309991_poly,0
0x8ac76a51cc950d9822d68b83fe1ad97b32cd580d_bsc,0
0x9ac983826058b8a9c7aa1c9171441191232e8404_bsc,0
0x3cef98bb43d732e2f285ee605a8158cde967d219_poly,0
0x5947bb275c521040051d82396192181b413227a3_avax,3
0x18aaa7115705e8be94bffebde57af9bfc265b998_eth,0
0x3845badade8e6dff049820680d1f14bd3903a5d0_eth,0
0xbdeae1ca48894a1759a8374d63925f21f2ee2639_bsc,0
0xf34960d9d60be18cc1d5afc1a6f012a723a28811_eth,2
0x6fb3e0a217407efff7ca062d46c26e5d60a14d69_eth,2
0xf97f4df75117a78c1a5a0dbb814af92458539fb4_arbi,0
0xf6372cdb9c1d3674e83842e3800f2a62ac9f3c66_poly,0
0xae75a438b2e0cb8bb01ec1e1e376de11d44477cc_fantom,2
0x7420b4b9a0110cdc71fb720908340c03f9bc03ec_eth,2
0xfb5b838b6cfeedc2873ab27866079ac55363d37e_bsc,1
0x5fe2b58c013d7601147dcdd68c143a77499f5531_poly,0
0x3019bf2a2ef8040c242c9a4c5c4bd4c81678b2a1_bsc,0
0x98443b96ea4b0858fdf3219cd13e98c7a4690588_avax,3
0xd4d42f0b6def4ce0383636770ef773390d85c61a_arbi,0
0x172370d5cd63279efa6d502dab29171933a610af_poly,0
0xbf2179859fc6d5bee9bf9158632dc51678a4100e_eth,0
0x95ad61b0a150d79219dcf64e1e6cc01f0b64c4ce_eth,0
0xe83ce6bfb580583bd6a62b4be7b34fc25f02910d_avax,2
0x1ba42e5193dfa8b03d15dd1b86a3113bbbef8eeb_bsc,0
0xd7c49cee7e9188cca6ad8ff264c1da2e69d4cf3b_eth,3
0xb62132e35a6c13ee1ee0f84dc5d40bad8d815206_eth,2
0xb63b606ac810a52cca15e44bb630fd42d8d1d83d_eth,3
0x8d11ec38a3eb5e956b052f67da8bdc9bef8abf3e_fantom,2
0xda537104d6a5edd53c6fbba9a898708e465260b6_poly,0
0x0e09fabb73bd3ade0a17ecc321fd13a19e81ce82_bsc,3
0x582d872a1b094fc48f5de31d3b73f2d9be47def1_eth,0
0xb7b31a6bc18e48888545ce79e83e06003be70930_poly,0
0x7205705771547cf79201111b4bd8aaf29467b9ec_poly,0
0x442f7f22b1ee2c842beaff52880d4573e9201158_avax,0
0x101d82428437127bf1608f699cd651e6abf9766e_bsc,0
0x6b3595068778dd592e39a122f4f5a5cf09c90fe2_eth,3
0x45c32fa6df82ead1e2ef74d17b76547eddfaff89_poly,3
0x3d6545b08693dae087e957cb1180ee38b9e3c25e_bsc,0
0x4e3fbd56cd56c3e72c1403e103b45db9da5b9d2b_eth,0
0x4e15361fd6b4bb609fa63c81a2be19d873717870_eth,2
0x55d398326f99059ff775485246999027b3197955_bsc,0
0x354a6da3fcde098f8389cad84b0182725c6c91de_arbi,0
0x7950865a9140cb519342433146ed5b40c6f210f7_bsc,0
0x56b6fb708fc5732dec1afc8d8556423a2edccbd6_bsc,0
0xb7f8cd00c5a06c0537e2abff0b58033d02e5e094_bsc,0
0xdb25f211ab05b1c97d595516f45794528a807ad8_eth,1
0x0b220b82f3ea3b7f6d9a1d8ab58930c064a2b5bf_poly,0
0x8290333cef9e6d528dd5618fb97a76f268f3edd4_eth,0
0x912ce59144191c1204e64559fe8253a0e49e6548_arbi,0
0x6b175474e89094c44da98b954eedeac495271d0f_eth,0
0x2791bca1f2de4661ed88a30c99a7a9449aa84174_poly,0
0x6982508145454ce325ddbe47a25d4ec3d2311933_eth,2
0x9f8f72aa9304c8b593d555f12ef6589cc3a579a2_eth,2
0x8505b9d2254a7ae468c0e9dd10ccea3a837aef5c_poly,0
0xd67de0e0a0fd7b15dc8348bb9be742f3c5850454_avax,0
0xfd7b3a77848f1c2d67e05e54d78d174a0c850335_bsc,0
0xe41d2489571d322189246dafa5ebde1f4699f498_eth,2
0xa0b73e1ff0b80914ab6fe0444e65848c4c34450b_eth,2
0xf307910a4c7bbc79691fd374889b36d8531b08e3_bsc,0
0x7c598c96d02398d89fbcb9d41eab3df0c16f227d_fantom,0
0x82e3a8f066a6989666b031d916c43672085b1582_arbi,0
0x5c147e74d63b1d31aa3fd78eb229b65161983b2b_eth,0
0x111111111117dc0aa78b770fa6a738034120c302_bsc,2
0x0f5d2fb29fb7d3cfee444a200298f468908cc942_eth,2
0xa2b726b1145a4773f68593cf171187d8ebe4d495_bsc,0
0xe83ce6bfb580583bd6a62b4be7b34fc25f02910d_bsc,2
0x8f3cf7ad23cd3cadbd9735aff958023239c6a063_poly,0
0x13ad51ed4f1b7e9dc168d8a00cb3f4ddd85efa60_arbi,0
0x9623063377ad1b27544c965ccd7342f7ea7e88c7_arbi,0
0xd17479997f34dd9156deef8f95a52d81d265be9c_bsc,0
0x596fa47043f99a4e0f122243b841e55375cde0d2_avax,0
0x6de037ef9ad2725eb40118bb1702ebb27e4aeb24_eth,0
0xc669928185dbce49d2230cc9b0979be6dc797957_eth,2
0xc748673057861a797275cd8a068abb95a902e8de_bsc,4
0x9c9e5fd8bbc25984b178fdce6117defa39d2db39_poly,0
0x82f8cb20c14f134fe6ebf7ac3b903b2117aafa62_fantom,0
0xfa7f8980b0f1e64a2062791cc3b0871572f1f7f0_arbi,0
0x0000000000085d4780b73119b644ae5ecd22b376_eth,0
0xa1c57f48f0deb89f569dfbe6e2b7f46d33606fd4_poly,0
0xc3048e19e76cb9a3aa9d77d8c03c29fc906e2437_avax,0
0x45804880de22913dafe09f4980848ece6ecbaf78_eth,0
0x9cd6746665d9557e1b9a775819625711d0693439_poly,0
0x715d400f88c167884bbcc41c5fea407ed4d2f8a0_bsc,0
0xcdf7028ceab81fa0c6971208e83fa7872994bee5_eth,4
0xd41fdb03ba84762dd66a0af1a6c8540ff1ba5dfb_bsc,2
0xba100000625a3754423978a60c9317c58a424e3d_eth,3
0x8fc8f8269ebca376d046ce292dc7eac40c8d358a_eth,2
0xd24c2ad096400b6fbcd2ad8b24e7acbc21a1da64_avax,3
0x4d224452801aced8b2f0aebe155379bb5d594381_eth,0
0x4b0f1812e5df2a09796481ff14017e6005508003_bsc,2
0x4d15a3a2286d883af0aa1b3f21367843fac63e07_arbi,0
0x8ff795a6f4d97e7887c79bea79aba5cc76444adf_bsc,0
0x69af81e73a73b40adf4f3d4223cd9b1ece623074_eth,2
0x87d32f2c0a3d6d091772890c81e321026454a125_poly,0
0xad29abb318791d579433d831ed122afeaf29dcfe_bsc,0
0xda10009cbd5d07dd0cecc66161fc93d7c9000da1_arbi,0
0x1c20e891bab6b1727d14da358fae2984ed9b59eb_avax,0
0x1b815d120b3ef02039ee11dc2d33de7aa4a8c603_poly,0
0x9eaac1b23d935365bd7b542fe22ceee2922f52dc_avax,0
0xc00e94cb662c3520282e6f5717214004a7f26888_eth,2
0xbc7d6b50616989655afd682fb42743507003056d_bsc,0
0x93a62ccfcf1efcb5f60317981f71ed6fb39f4ba2_eth,2
0x321162cd933e2be498cd2267a90534a804051b11_fantom,2
0xa0b862f60edef4452f25b4160f177db44deb6cf1_arbi,0
0xe111178a87a3bff0c8d18decba5798827539ae99_poly,0
0x50b728d8d964fd00c2d0aad81718b71311fef68a_poly,0
